id_cliente,edad,meses_antiguedad,gasto_mensual,num_productos,tickets_soporte,dias_ultimo_acceso,tipo_contrato,metodo_pago,region,gasto_por_producto,tasa_tickets_soporte,puntaje_interaccion,bandera_alto_riesgo,gasto_anual_estimado,grupo_antiguedad,contrato_mensual,abandono
K0001,26,55,135.03,2,0,5,anual,domiciliacion,Sur,67.52,0.0,33.33,0,1620.36,25m+,0,0
K0002,62,3,40.41,2,3,27,mensual,domiciliacion,Occidente,20.2,1.0,7.14,0,484.92,0-6m,1,1
K0003,53,53,53.86,3,3,0,anual,tarjeta,Occidente,17.95,0.057,300.0,0,646.32,25m+,0,0
K0004,24,58,133.49,5,0,9,anual,paypal,Occidente,26.7,0.0,50.0,0,1601.88,25m+,0,0
K0005,42,11,22.44,2,8,59,mensual,paypal,Occidente,11.22,0.727,3.33,1,269.28,7-12m,1,1
K0006,47,26,158.2,5,2,2,anual,transferencia,Norte,31.64,0.077,166.67,0,1898.4,25m+,0,0
K0007,46,52,209.46,2,0,21,anual,tarjeta,Sur,104.73,0.0,9.09,0,2513.52,25m+,0,0
K0008,58,26,56.31,2,2,19,anual,paypal,Occidente,28.16,0.077,10.0,0,675.72,25m+,0,0
K0009,58,12,68.09,2,5,49,mensual,paypal,Centro,34.04,0.417,4.0,1,817.08,7-12m,1,1
K0010,35,17,191.26,3,0,14,anual,paypal,Occidente,63.75,0.0,20.0,0,2295.12,13-24m,0,0
K0011,57,3,91.33,2,8,92,mensual,domiciliacion,Norte,45.66,2.667,2.15,1,1095.96,0-6m,1,1
K0012,65,18,163.73,3,0,14,anual,paypal,Occidente,54.58,0.0,20.0,0,1964.76,13-24m,0,0
K0013,36,12,70.36,2,2,18,mensual,tarjeta,Occidente,35.18,0.167,10.53,0,844.32,7-12m,1,1
K0014,67,30,204.62,5,0,0,anual,paypal,Centro,40.92,0.0,500.0,0,2455.44,25m+,0,0
K0015,35,48,169.23,2,0,7,anual,domiciliacion,Norte,84.62,0.0,25.0,0,2030.76,25m+,0,0
K0016,28,48,84.55,3,0,1,anual,domiciliacion,Norte,28.18,0.0,150.0,0,1014.6,25m+,0,0
K0017,33,56,167.87,3,3,18,anual,transferencia,Sur,55.96,0.054,15.79,0,2014.44,25m+,0,0
K0018,41,13,65.46,1,8,45,mensual,paypal,Sur,65.46,0.615,2.17,1,785.52,13-24m,1,1
K0019,60,50,189.51,5,0,21,anual,domiciliacion,Centro,37.9,0.0,22.73,0,2274.12,25m+,0,0
K0020,31,5,72.5,1,8,60,mensual,transferencia,Sur,72.5,1.6,1.64,1,870.0,0-6m,1,1
K0021,63,14,209.26,5,3,4,anual,transferencia,Norte,41.85,0.214,100.0,0,2511.12,13-24m,0,0
K0022,63,7,74.79,1,10,85,mensual,paypal,Occidente,74.79,1.429,1.16,1,897.48,7-12m,1,1
K0023,59,51,121.4,5,3,2,anual,domiciliacion,Centro,24.28,0.059,166.67,0,1456.8,25m+,0,0
K0024,27,3,77.44,1,3,66,mensual,domiciliacion,Sur,77.44,1.0,1.49,0,929.28,0-6m,1,1
K0025,50,56,153.83,4,1,19,anual,transferencia,Occidente,38.46,0.018,20.0,0,1845.96,25m+,0,0
K0026,50,44,138.12,5,2,11,anual,transferencia,Sur,27.62,0.045,41.67,0,1657.44,25m+,0,0
K0027,64,10,81.94,1,2,43,mensual,paypal,Occidente,81.94,0.2,2.27,0,983.28,7-12m,1,1
K0028,46,11,70.28,1,7,73,mensual,transferencia,Sur,70.28,0.636,1.35,1,843.36,7-12m,1,1
K0029,50,50,94.54,3,0,7,anual,transferencia,Centro,31.51,0.0,37.5,0,1134.48,25m+,0,0
K0030,41,35,184.51,4,1,15,anual,tarjeta,Norte,46.13,0.029,25.0,0,2214.12,25m+,0,0
K0031,43,5,30.2,1,8,74,mensual,tarjeta,Centro,30.2,1.6,1.33,1,362.4,0-6m,1,1
K0032,46,7,69.66,2,10,40,mensual,paypal,Centro,34.83,1.429,4.88,1,835.92,7-12m,1,1
K0033,37,9,60.31,1,2,87,mensual,paypal,Occidente,60.31,0.222,1.14,0,723.72,7-12m,1,1
K0034,46,55,77.74,3,1,8,anual,paypal,Centro,25.91,0.018,33.33,0,932.88,25m+,0,0
K0035,51,23,138.62,2,1,2,anual,paypal,Sur,69.31,0.043,66.67,0,1663.44,13-24m,0,0
K0036,67,12,25.71,1,11,78,mensual,domiciliacion,Occidente,25.71,0.917,1.27,1,308.52,7-12m,1,1
K0037,62,54,48.91,5,1,9,anual,tarjeta,Sur,9.78,0.019,50.0,0,586.92,25m+,0,0
K0038,61,52,129.76,4,1,12,anual,paypal,Centro,32.44,0.019,30.77,0,1557.12,25m+,0,0
K0039,44,40,50.06,3,2,15,anual,domiciliacion,Occidente,16.69,0.05,18.75,0,600.72,25m+,0,0
K0040,53,8,81.62,1,6,73,mensual,tarjeta,Norte,81.62,0.75,1.35,1,979.44,7-12m,1,1
K0041,31,3,67.06,2,4,62,mensual,tarjeta,Centro,33.53,1.333,3.17,0,804.72,0-6m,1,1
K0042,28,1,54.79,1,7,64,mensual,transferencia,Norte,54.79,7.0,1.54,1,657.48,0-6m,1,1
K0043,22,10,39.64,1,5,34,mensual,tarjeta,Centro,39.64,0.5,2.86,1,475.68,7-12m,1,1
K0044,59,10,55.92,2,5,21,mensual,transferencia,Centro,27.96,0.5,9.09,0,671.04,7-12m,1,1
K0045,44,3,82.89,2,2,27,mensual,paypal,Occidente,41.44,0.667,7.14,0,994.68,0-6m,1,1
K0046,49,5,83.25,2,7,20,mensual,domiciliacion,Occidente,41.62,1.4,9.52,0,999.0,0-6m,1,1
K0047,35,15,183.73,3,2,21,anual,tarjeta,Norte,61.24,0.133,13.64,0,2204.76,13-24m,0,0
K0048,61,8,28.65,1,9,79,mensual,paypal,Centro,28.65,1.125,1.25,1,343.8,7-12m,1,1
K0049,34,54,149.85,2,2,12,anual,transferencia,Occidente,74.92,0.037,15.38,0,1798.2,25m+,0,0
K0050,27,10,26.07,2,7,58,mensual,domiciliacion,Centro,13.04,0.7,3.39,1,312.84,7-12m,1,1
K0051,51,23,143.11,4,3,19,anual,paypal,Occidente,35.78,0.13,20.0,0,1717.32,13-24m,0,0
K0052,63,4,53.86,1,9,18,mensual,tarjeta,Sur,53.86,2.25,5.26,0,646.32,0-6m,1,1
K0053,61,25,137.65,3,0,11,anual,paypal,Sur,45.88,0.0,25.0,0,1651.8,25m+,0,0
K0054,61,42,52.58,5,0,21,anual,domiciliacion,Norte,10.52,0.0,22.73,0,630.96,25m+,0,0
K0055,62,5,37.2,1,4,35,mensual,domiciliacion,Norte,37.2,0.8,2.78,0,446.4,0-6m,1,1
K0056,32,38,153.18,3,3,18,anual,tarjeta,Sur,51.06,0.079,15.79,0,1838.16,25m+,0,0
K0057,51,8,29.38,1,10,86,mensual,tarjeta,Centro,29.38,1.25,1.15,1,352.56,7-12m,1,1
K0058,33,18,155.13,2,2,8,anual,paypal,Sur,77.56,0.111,22.22,0,1861.56,13-24m,0,0
K0059,65,5,53.09,2,6,82,mensual,tarjeta,Sur,26.54,1.2,2.41,1,637.08,0-6m,1,1
K0060,42,3,60.05,2,2,23,mensual,transferencia,Sur,30.02,0.667,8.33,0,720.6,0-6m,1,1
K0061,36,5,19.11,1,3,93,mensual,transferencia,Norte,19.11,0.6,1.06,0,229.32,0-6m,1,1
K0062,36,59,84.71,4,0,17,anual,tarjeta,Centro,21.18,0.0,22.22,0,1016.52,25m+,0,0
K0063,38,9,79.54,1,5,47,mensual,tarjeta,Sur,79.54,0.556,2.08,1,954.48,7-12m,1,1
K0064,47,34,204.88,5,2,4,anual,domiciliacion,Occidente,40.98,0.059,100.0,0,2458.56,25m+,0,0
K0065,38,5,30.34,1,8,87,mensual,domiciliacion,Norte,30.34,1.6,1.14,1,364.08,0-6m,1,1
K0066,47,4,43.91,2,8,69,mensual,domiciliacion,Centro,21.96,2.0,2.86,1,526.92,0-6m,1,1
K0067,48,1,47.11,2,11,91,mensual,transferencia,Sur,23.56,11.0,2.17,1,565.32,0-6m,1,1
K0068,26,34,203.96,4,1,19,anual,paypal,Sur,50.99,0.029,20.0,0,2447.52,25m+,0,0
K0069,25,29,140.81,5,3,1,anual,paypal,Centro,28.16,0.103,250.0,0,1689.72,25m+,0,0
K0070,61,7,27.15,1,7,61,mensual,domiciliacion,Norte,27.15,1.0,1.61,1,325.8,7-12m,1,1
K0071,45,13,127.28,4,2,21,anual,paypal,Centro,31.82,0.154,18.18,0,1527.36,13-24m,0,0
K0072,59,2,76.53,2,11,72,mensual,paypal,Norte,38.26,5.5,2.74,1,918.36,0-6m,1,1
K0073,29,9,27.28,2,2,94,mensual,tarjeta,Centro,13.64,0.222,2.11,0,327.36,7-12m,1,1
K0074,61,36,201.55,4,1,21,anual,domiciliacion,Occidente,50.39,0.028,18.18,0,2418.6,25m+,0,0
K0075,56,2,85.64,1,10,26,mensual,paypal,Occidente,85.64,5.0,3.7,0,1027.68,0-6m,1,1
K0076,28,10,89.13,1,4,31,mensual,transferencia,Centro,89.13,0.4,3.12,0,1069.56,7-12m,1,1
K0077,23,33,65.53,3,0,20,anual,paypal,Centro,21.84,0.0,14.29,0,786.36,25m+,0,0
K0078,63,6,39.91,2,9,34,mensual,paypal,Centro,19.95,1.5,5.71,1,478.92,0-6m,1,1
K0079,40,33,45.92,5,3,18,anual,paypal,Occidente,9.18,0.091,26.32,0,551.04,25m+,0,0
K0080,46,33,109.8,3,2,2,anual,transferencia,Centro,36.6,0.061,100.0,0,1317.6,25m+,0,0
K0081,42,35,116.25,2,2,1,anual,paypal,Occidente,58.12,0.057,100.0,0,1395.0,25m+,0,0
K0082,32,23,51.31,2,3,2,anual,domiciliacion,Sur,25.66,0.13,66.67,0,615.72,13-24m,0,0
K0083,32,51,191.32,4,2,19,anual,transferencia,Centro,47.83,0.039,20.0,0,2295.84,25m+,0,0
K0084,28,13,43.6,1,11,84,mensual,transferencia,Centro,43.6,0.846,1.18,1,523.2,13-24m,1,1
K0085,59,21,92.65,4,0,7,anual,paypal,Norte,23.16,0.0,50.0,0,1111.8,13-24m,0,0
K0086,23,31,75.19,2,0,17,anual,tarjeta,Sur,37.6,0.0,11.11,0,902.28,25m+,0,0
K0087,55,41,104.03,5,0,2,anual,paypal,Norte,20.81,0.0,166.67,0,1248.36,25m+,0,0
K0088,30,3,62.1,1,8,24,mensual,paypal,Norte,62.1,2.667,4.0,0,745.2,0-6m,1,1
K0089,54,50,126.12,2,0,18,anual,transferencia,Norte,63.06,0.0,10.53,0,1513.44,25m+,0,0
K0090,56,44,64.22,2,0,13,anual,tarjeta,Sur,32.11,0.0,14.29,0,770.64,25m+,0,0
K0091,29,13,46.84,1,2,22,mensual,domiciliacion,Norte,46.84,0.154,4.35,0,562.08,13-24m,1,1
K0092,52,29,136.22,2,2,4,anual,domiciliacion,Occidente,68.11,0.069,40.0,0,1634.64,25m+,0,0
K0093,34,11,51.08,2,11,36,mensual,paypal,Norte,25.54,1.0,5.41,1,612.96,7-12m,1,1
K0094,27,1,64.22,1,8,24,mensual,domiciliacion,Centro,64.22,8.0,4.0,0,770.64,0-6m,1,1
K0095,44,23,202.09,4,1,1,anual,paypal,Centro,50.52,0.043,200.0,0,2425.08,13-24m,0,0
K0096,39,9,84.46,1,6,18,mensual,tarjeta,Norte,84.46,0.667,5.26,0,1013.52,7-12m,1,1
K0097,45,5,70.89,1,5,94,mensual,tarjeta,Norte,70.89,1.0,1.05,1,850.68,0-6m,1,1
K0098,36,7,18.42,1,11,59,mensual,tarjeta,Norte,18.42,1.571,1.67,1,221.04,7-12m,1,1
K0099,26,4,67.37,1,9,40,mensual,transferencia,Centro,67.37,2.25,2.44,1,808.44,0-6m,1,1
K0100,37,52,202.89,2,2,4,anual,paypal,Norte,101.44,0.038,40.0,0,2434.68,25m+,0,0
